{"stats":{"minecraft:used":{"minecraft:oak_log":366,"minecraft:glass":63,"minecraft:dark_oak_stairs":10,"minecraft:wooden_axe":18,"mcwbridges:spruce_log_bridge_stair":4,"minecraft:oak_planks":94,"minecraft:wooden_pickaxe":2,"minecraft:light_blue_bed":1,"minecraft:wooden_sword":30,"minecraft:dirt":1,"minecraft:cobblestone":115,"minecraft:crafting_table":2,"minecraft:porkchop":8,"minecraft:cooked_porkchop":1,"minecraft:crimson_door":5,"minecraft:birch_log":84,"minecraft:warped_door":3,"mcwroofs:oak_attic_roof":2,"minecraft:spruce_log":3,"minecraft:cobbled_deepslate":8,"minecraft:azure_bluet":2,"cfm:oak_chair":4},"minecraft:custom":{"minecraft:time_since_rest":25941,"minecraft:sprint_one_cm":69376,"minecraft:damage_taken":1110,"minecraft:walk_one_cm":123716,"minecraft:mob_kills":6,"minecraft:damage_dealt":906,"minecraft:interact_with_crafting_table":8,"minecraft:fly_one_cm":168301,"minecraft:open_chest":3,"minecraft:crouch_one_cm":3966,"minecraft:play_time":47040,"minecraft:deaths":2,"minecraft:sneak_time":1867,"minecraft:jump":982,"minecraft:leave_game":1,"minecraft:time_since_death":28783,"minecraft:sleep_in_bed":1,"minecraft:total_world_time":47040,"minecraft:fall_one_cm":21882},"minecraft:picked_up":{"minecraft:birch_log":129,"minecraft:stick":2,"minecraft:azure_bluet":2,"minecraft:cooked_porkchop":25,"minecraft:jungle_log":130,"minecraft:dandelion":4,"minecraft:wooden_pickaxe":1,"minecraft:acacia_log":130,"minecraft:porkchop":15,"minecraft:oak_log":82,"minecraft:spruce_log":130,"minecraft:light_blue_bed":2,"minecraft:dark_oak_log":65,"minecraft:dirt":2,"minecraft:wooden_sword":1,"minecraft:glass":1,"minecraft:arrow":2,"minecraft:rotten_flesh":2,"minecraft:poppy":1,"minecraft:black_wool":1,"minecraft:mutton":4,"minecraft:oak_planks":10,"minecraft:mangrove_log":130,"minecraft:white_wool":1,"minecraft:oxeye_daisy":2},"minecraft:crafted":{"mcwroofs:oak_attic_roof":2,"minecraft:wooden_sword":1,"minecraft:oak_planks":32,"minecraft:crafting_table":2,"minecraft:stick":8,"minecraft:wooden_pickaxe":1,"minecraft:wooden_axe":1,"cfm:oak_chair":4},"minecraft:mined":{"minecraft:light_blue_bed":1,"minecraft:dandelion":2,"minecraft:azure_bluet":2,"minecraft:grass":5,"minecraft:poppy":1,"minecraft:grass_block":3,"minecraft:oak_log":17,"minecraft:oak_planks":1,"minecraft:oak_leaves":6,"minecraft:oxeye_daisy":1},"minecraft:killed":{"minecraft:sheep":3,"minecraft:pig":3}},"DataVersion":3120}