{"stats":{"minecraft:mined":{"minecraft:spruce_planks":1,"minecraft:dark_oak_log":3,"minecraft:obsidian":1,"minecraft:glow_lichen":3,"minecraft:granite":3,"minecraft:dark_oak_fence":2,"minecraft:budding_amethyst":11,"minecraft:grass_block":8,"minecraft:oxeye_daisy":1,"minecraft:redstone_ore":1,"minecraft:fire":1,"minecraft:iron_ore":3,"minecraft:fletching_table":1,"minecraft:azure_bluet":2,"minecraft:brown_bed":1,"minecraft:deepslate_iron_ore":1,"minecraft:water_cauldron":1,"minecraft:stone":12,"minecraft:smithing_table":1,"minecraft:deepslate_redstone_ore":2,"minecraft:amethyst_cluster":11,"minecraft:dandelion":2,"minecraft:oak_fence":2,"minecraft:calcite":11,"minecraft:poppy":1,"minecraft:campfire":1,"minecraft:copper_ore":4,"minecraft:tall_grass":6,"minecraft:deepslate_gold_ore":5,"minecraft:oak_planks":1,"minecraft:amethyst_block":84,"minecraft:deepslate_copper_ore":4,"minecraft:chain":2,"minecraft:light_blue_bed":1,"minecraft:birch_leaves":3,"minecraft:grass":14,"minecraft:oak_log":17,"minecraft:cobweb":26,"minecraft:smooth_basalt":1,"minecraft:oak_leaves":6,"minecraft:deepslate":40},"minecraft:crafted":{"minecraft:wooden_sword":1,"minecraft:oak_planks":32,"mcwroofs:oak_attic_roof":2,"minecraft:crafting_table":2,"minecraft:wooden_pickaxe":1,"minecraft:air":0,"minecraft:stick":8,"minecraft:wooden_axe":1,"cfm:oak_chair":4},"minecraft:used":{"minecraft:netherite_sword":111,"mcwbridges:spruce_log_bridge_stair":4,"securitycraft:keypad_chest":4,"minecraft:chest":5,"minecraft:torch":41,"minecraft:dirt":1,"minecraft:anvil":1,"minecraft:warped_door":3,"minecraft:magenta_candle":1,"minecraft:azure_bluet":2,"minecraft:glass":71,"minecraft:wooden_axe":18,"minecraft:lava_bucket":1,"minecraft:oak_stairs":202,"minecraft:brick_stairs":4,"minecraft:light_blue_bed":1,"minecraft:bow":17,"minecraft:cooked_beef":2,"minecraft:cobbled_deepslate":42,"minecraft:calcite":12,"minecraft:dark_oak_stairs":14,"minecraft:diamond_boots":1,"minecraft:amethyst_block":1,"minecraft:oak_planks":94,"minecraft:birch_wood":64,"minecraft:wooden_pickaxe":2,"minecraft:diamond_axe":21,"minecraft:golden_apple":5,"minecraft:crafting_table":8,"minecraft:crossbow":24,"minecraft:spruce_log":3,"cfm:oak_chair":4,"minecraft:oak_log":400,"minecraft:diamond_pickaxe":203,"minecraft:apple":3,"minecraft:fire_charge":1,"minecraft:wooden_sword":30,"minecraft:cobblestone":139,"travelersbackpack:magma_cube":2,"minecraft:cooked_porkchop":1,"minecraft:porkchop":8,"minecraft:dark_oak_fence":1,"minecraft:crimson_door":5,"minecraft:birch_log":84,"minecraft:black_candle":7,"mcwroofs:oak_attic_roof":2,"securitycraft:reinforced_oak_stairs":6,"minecraft:soul_torch":2},"minecraft:killed":{"minecraft:cave_spider":1,"minecraft:zombified_piglin":2,"minecraft:spider":1,"minecraft:phantom":2,"minecraft:skeleton":3,"hunterillager:hunterillager":1,"minecraft:pig":4,"minecraft:sheep":3,"minecraft:pillager":7,"minecraft:zombie":6,"minecraft:enderman":1},"minecraft:dropped":{"minecraft:wheat_seeds":2,"minecraft:crossbow":1,"minecraft:lead":1,"minecraft:apple":128,"minecraft:saddle":1,"minecraft:dirt":7,"minecraft:mangrove_log":64,"minecraft:jungle_log":2,"minecraft:bow":1},"minecraft:picked_up":{"minecraft:charcoal":2,"minecraft:azure_bluet":2,"minecraft:lead":2,"minecraft:wooden_pickaxe":1,"minecraft:brown_bed":1,"minecraft:chain":1,"minecraft:amethyst_block":83,"minecraft:wooden_sword":1,"minecraft:string":17,"minecraft:raw_copper":28,"minecraft:cobbled_deepslate":37,"minecraft:spruce_planks":1,"minecraft:calcite":12,"minecraft:poppy":1,"minecraft:mangrove_log":194,"minecraft:phantom_membrane":3,"minecraft:egg":8,"minecraft:raw_iron":4,"minecraft:stick":2,"minecraft:oak_fence":2,"minecraft:acacia_log":130,"minecraft:porkchop":15,"minecraft:redstone":13,"minecraft:light_blue_bed":2,"minecraft:cauldron":1,"minecraft:arrow":13,"minecraft:rotten_flesh":20,"minecraft:obsidian":1,"minecraft:mutton":4,"minecraft:white_wool":1,"minecraft:cobblestone":7,"minecraft:oxeye_daisy":2,"minecraft:birch_log":129,"minecraft:jungle_log":132,"minecraft:oak_log":82,"minecraft:dirt":8,"minecraft:white_banner":1,"minecraft:glass":1,"minecraft:bone":1,"minecraft:wheat_seeds":4,"minecraft:raw_gold":4,"minecraft:fletching_table":1,"minecraft:oak_planks":10,"minecraft:smooth_basalt":1,"minecraft:cooked_porkchop":25,"minecraft:dandelion":5,"minecraft:amethyst_shard":62,"minecraft:spruce_log":130,"minecraft:dark_oak_log":68,"minecraft:spider_eye":1,"minecraft:crossbow":2,"minecraft:granite":2,"minecraft:black_wool":1,"minecraft:dark_oak_fence":1},"minecraft:custom":{"minecraft:interact_with_smithing_table":2,"minecraft:mob_kills":33,"minecraft:interact_with_anvil":3,"minecraft:interact_with_crafting_table":8,"minecraft:open_barrel":5,"minecraft:leave_game":3,"minecraft:time_since_death":148287,"minecraft:climb_one_cm":1082,"minecraft:sprint_one_cm":212035,"minecraft:walk_one_cm":334757,"minecraft:drop":14,"minecraft:play_time":166544,"minecraft:sneak_time":6478,"minecraft:deaths":2,"minecraft:walk_under_water_one_cm":6763,"minecraft:jump":2471,"minecraft:walk_on_water_one_cm":24640,"minecraft:total_world_time":166544,"minecraft:sleep_in_bed":1,"minecraft:time_since_rest":145445,"minecraft:damage_taken":1776,"minecraft:damage_absorbed":80,"minecraft:damage_dealt":5879,"minecraft:swim_one_cm":17974,"minecraft:fly_one_cm":523456,"minecraft:open_chest":21,"minecraft:crouch_one_cm":17067,"minecraft:fall_one_cm":57657,"minecraft:horse_one_cm":424212}},"DataVersion":3120}