{"stats":{"minecraft:custom":{"minecraft:interact_with_smithing_table":2,"minecraft:interact_with_anvil":4,"minecraft:mob_kills":71,"minecraft:interact_with_crafting_table":8,"minecraft:open_barrel":22,"minecraft:leave_game":4,"minecraft:time_since_death":9283,"minecraft:climb_one_cm":2570,"minecraft:sprint_one_cm":334442,"minecraft:walk_one_cm":468650,"minecraft:drop":24,"minecraft:play_time":215500,"minecraft:sneak_time":9931,"minecraft:deaths":5,"minecraft:walk_under_water_one_cm":7596,"minecraft:jump":3273,"minecraft:walk_on_water_one_cm":29919,"minecraft:total_world_time":215500,"minecraft:sleep_in_bed":1,"minecraft:time_since_rest":9339,"minecraft:damage_taken":4403,"minecraft:damage_absorbed":362,"minecraft:damage_dealt":13614,"minecraft:swim_one_cm":17974,"minecraft:fly_one_cm":833286,"minecraft:open_chest":31,"minecraft:crouch_one_cm":25285,"minecraft:fall_one_cm":72118,"minecraft:horse_one_cm":647242},"minecraft:dropped":{"minecraft:birch_planks":6,"minecraft:wheat_seeds":2,"minecraft:crossbow":1,"minecraft:lead":1,"minecraft:apple":128,"minecraft:saddle":1,"minecraft:golden_apple":6,"minecraft:dirt":7,"minecraft:rotten_flesh":43,"minecraft:mangrove_log":64,"minecraft:jungle_log":2,"minecraft:bow":1},"minecraft:picked_up":{"minecraft:music_disc_5":1,"minecraft:charcoal":4,"minecraft:wheat":13,"minecraft:azure_bluet":2,"minecraft:smithing_table":1,"minecraft:lead":11,"minecraft:wooden_pickaxe":1,"minecraft:brown_bed":1,"minecraft:chain":1,"minecraft:shield":2,"minecraft:amethyst_block":83,"minecraft:string":23,"minecraft:raw_copper":28,"minecraft:wooden_sword":1,"flashlight:flashlight":1,"minecraft:diamond_leggings":2,"minecraft:cartography_table":2,"minecraft:cobbled_deepslate":37,"minecraft:detector_rail":4,"minecraft:netherite_sword":2,"minecraft:spruce_planks":1,"minecraft:calcite":12,"minecraft:poppy":1,"minecraft:mangrove_log":194,"minecraft:phantom_membrane":3,"minecraft:egg":8,"minecraft:iron_boots":1,"minecraft:stick":2,"minecraft:raw_iron":4,"minecraft:oak_fence":3,"minecraft:torch":139,"minecraft:acacia_log":130,"minecraft:porkchop":15,"minecraft:target":3,"minecraft:redstone":13,"minecraft:light_blue_bed":2,"minecraft:cauldron":1,"minecraft:diamond_chestplate":2,"minecraft:arrow":211,"minecraft:rotten_flesh":50,"minecraft:diamond_boots":2,"minecraft:obsidian":1,"minecraft:mutton":8,"minecraft:rail":6,"minecraft:white_wool":1,"minecraft:cobblestone":12,"minecraft:oxeye_daisy":2,"minecraft:birch_log":133,"minecraft:cooked_beef":10,"minecraft:feather":1,"minecraft:jungle_log":132,"minecraft:birch_planks":9,"minecraft:oak_log":82,"minecraft:gunpowder":2,"travelersbackpack:magma_cube":2,"minecraft:dirt":8,"minecraft:white_banner":1,"minecraft:glass":1,"minecraft:bone":13,"minecraft:apple":348,"minecraft:bow":2,"minecraft:wheat_seeds":4,"minecraft:raw_gold":4,"minecraft:iron_ingot":33,"minecraft:iron_ore":26,"minecraft:diamond_helmet":2,"minecraft:fletching_table":1,"minecraft:oak_planks":10,"minecraft:book":216,"minecraft:smooth_basalt":1,"minecraft:cooked_porkchop":25,"minecraft:dandelion":5,"minecraft:lava_bucket":1,"minecraft:amethyst_shard":62,"minecraft:spruce_log":130,"minecraft:gold_ore":6,"minecraft:dark_oak_log":71,"minecraft:barrel":4,"minecraft:spider_eye":1,"minecraft:leather_helmet":1,"minecraft:chainmail_leggings":3,"minecraft:diamond_axe":2,"minecraft:granite":2,"minecraft:crossbow":4,"minecraft:golden_apple":101,"minecraft:emerald":13,"minecraft:baked_potato":7,"minecraft:melon_seeds":7,"minecraft:black_wool":1,"minecraft:dark_oak_fence":1,"minecraft:coal":75,"minecraft:diamond_pickaxe":2},"minecraft:mined":{"minecraft:spruce_planks":1,"minecraft:dark_oak_log":3,"minecraft:obsidian":1,"minecraft:glow_lichen":3,"minecraft:granite":3,"minecraft:dark_oak_fence":2,"minecraft:budding_amethyst":11,"minecraft:grass_block":8,"minecraft:cartography_table":1,"minecraft:oxeye_daisy":1,"minecraft:redstone_ore":1,"minecraft:iron_ore":3,"minecraft:fire":1,"travelersbackpack:magma_cube":1,"minecraft:fletching_table":1,"minecraft:azure_bluet":2,"minecraft:brown_bed":1,"minecraft:bookshelf":24,"minecraft:deepslate_iron_ore":1,"minecraft:cobblestone_slab":1,"minecraft:water_cauldron":1,"minecraft:stone":12,"minecraft:jungle_fence_gate":1,"minecraft:smithing_table":1,"minecraft:deepslate_redstone_ore":2,"minecraft:glass_pane":3,"minecraft:amethyst_cluster":11,"minecraft:dandelion":2,"minecraft:oak_fence":3,"minecraft:calcite":11,"minecraft:poppy":1,"minecraft:campfire":2,"minecraft:tall_grass":6,"minecraft:copper_ore":4,"minecraft:cobblestone":2,"minecraft:deepslate_gold_ore":5,"minecraft:oak_planks":1,"minecraft:amethyst_block":84,"minecraft:deepslate_copper_ore":4,"minecraft:chain":2,"minecraft:light_blue_bed":1,"minecraft:birch_log":4,"minecraft:birch_leaves":3,"minecraft:jungle_fence":1,"minecraft:grass":16,"minecraft:oak_log":17,"minecraft:cobweb":26,"minecraft:smooth_basalt":1,"minecraft:oak_leaves":6,"minecraft:deepslate":40},"minecraft:killed_by":{"minecraft:vindicator":2,"minecraft:zombie":1},"minecraft:killed":{"minecraft:evoker":1,"minecraft:vex":3,"minecraft:cave_spider":1,"minecraft:zombified_piglin":2,"minecraft:vindicator":10,"minecraft:spider":2,"minecraft:phantom":2,"minecraft:skeleton":12,"hunterillager:hunterillager":1,"minecraft:pig":4,"minecraft:creeper":1,"minecraft:sheep":3,"minecraft:pillager":8,"minecraft:zombie":18,"minecraft:enderman":1},"minecraft:used":{"minecraft:oak_fence":3,"minecraft:netherite_sword":280,"mcwbridges:spruce_log_bridge_stair":4,"securitycraft:keypad_chest":4,"minecraft:chest":5,"minecraft:torch":80,"minecraft:dirt":1,"minecraft:anvil":1,"minecraft:warped_door":3,"minecraft:magenta_candle":1,"minecraft:azure_bluet":2,"minecraft:dark_oak_planks":3,"minecraft:glass":71,"minecraft:wooden_axe":18,"minecraft:lava_bucket":1,"minecraft:oak_stairs":202,"minecraft:brick_stairs":4,"minecraft:light_blue_bed":1,"minecraft:bow":17,"minecraft:cooked_beef":5,"minecraft:cobbled_deepslate":42,"minecraft:calcite":12,"minecraft:dark_oak_stairs":14,"minecraft:amethyst_block":1,"minecraft:diamond_boots":1,"minecraft:birch_planks":7,"minecraft:oak_planks":94,"minecraft:birch_wood":64,"minecraft:wooden_pickaxe":2,"minecraft:diamond_axe":54,"minecraft:golden_apple":12,"minecraft:crafting_table":8,"minecraft:crossbow":39,"minecraft:spruce_log":3,"cfm:oak_chair":4,"minecraft:oak_log":400,"minecraft:diamond_pickaxe":206,"minecraft:apple":3,"minecraft:fire_charge":1,"minecraft:wooden_sword":30,"minecraft:cobblestone":205,"travelersbackpack:magma_cube":4,"minecraft:crimson_door":5,"minecraft:porkchop":8,"minecraft:dark_oak_fence":1,"minecraft:cooked_porkchop":1,"minecraft:birch_log":84,"minecraft:black_candle":7,"mcwroofs:oak_attic_roof":2,"securitycraft:reinforced_oak_stairs":6,"minecraft:soul_torch":2},"minecraft:crafted":{"minecraft:wooden_sword":1,"minecraft:oak_planks":32,"minecraft:dark_oak_planks":4,"mcwroofs:oak_attic_roof":2,"minecraft:crafting_table":2,"minecraft:wooden_pickaxe":1,"minecraft:birch_planks":16,"minecraft:air":0,"minecraft:stick":16,"minecraft:wooden_axe":1,"cfm:oak_chair":4,"minecraft:torch":16}},"DataVersion":3120}