{"stats":{"minecraft:mined":{"minecraft:birch_log":3,"minecraft:grass":1,"minecraft:stone":4},"minecraft:custom":{"minecraft:time_since_rest":6063,"minecraft:interact_with_smithing_table":1,"minecraft:sprint_one_cm":37289,"minecraft:damage_taken":725,"minecraft:walk_one_cm":40879,"minecraft:mob_kills":6,"minecraft:damage_dealt":1009,"minecraft:interact_with_crafting_table":2,"minecraft:fly_one_cm":108526,"minecraft:open_barrel":2,"minecraft:open_chest":2,"minecraft:crouch_one_cm":1016,"minecraft:play_time":14267,"minecraft:deaths":2,"minecraft:sneak_time":258,"minecraft:jump":497,"minecraft:leave_game":1,"minecraft:time_since_death":6032,"minecraft:climb_one_cm":920,"minecraft:total_world_time":14267,"minecraft:fall_one_cm":22293},"minecraft:crafted":{"minecraft:wooden_sword":1,"minecraft:crafting_table":1,"minecraft:stick":4,"minecraft:wooden_pickaxe":1,"minecraft:birch_planks":12},"minecraft:picked_up":{"minecraft:birch_log":3,"minecraft:stick":1,"minecraft:wheat":15,"minecraft:leather":4,"minecraft:wooden_pickaxe":1,"minecraft:birch_planks":1,"minecraft:dirt":4,"minecraft:wooden_sword":1,"minecraft:arrow":2,"minecraft:rotten_flesh":1,"minecraft:bow":1,"minecraft:gold_nugget":5,"alexsmobs:raccoon_tail":1,"minecraft:cobblestone":8},"minecraft:killed":{"minecraft:skeleton":1,"alexsmobs:raccoon":2,"minecraft:spider":1,"minecraft:drowned":2},"minecraft:used":{"minecraft:wooden_pickaxe":4,"minecraft:wooden_sword":30,"minecraft:bow":2,"minecraft:crafting_table":1},"minecraft:killed_by":{"alexsmobs:raccoon":1,"hunterillager:hunterillager":1}},"DataVersion":3120}