{"stats":{"minecraft:used":{"minecraft:dirt":1},"minecraft:mined":{"minecraft:grass":1,"minecraft:grass_block":1,"minecraft:oak_log":3,"minecraft:oak_leaves":4},"minecraft:custom":{"minecraft:jump":169,"minecraft:time_since_rest":2486,"minecraft:damage_taken":600,"minecraft:walk_one_cm":9468,"minecraft:play_time":4216,"minecraft:sprint_one_cm":19929,"minecraft:time_since_death":2459,"minecraft:deaths":1,"minecraft:total_world_time":4216,"minecraft:fall_one_cm":3468,"minecraft:fly_one_cm":38280},"minecraft:picked_up":{"minecraft:oak_log":3,"minecraft:dirt":1}},"DataVersion":3120}