{"stats":{"minecraft:mined":{"minecraft:deepslate_redstone_ore":2,"minecraft:amethyst_cluster":11,"minecraft:dandelion":2,"minecraft:oak_fence":2,"minecraft:obsidian":1,"minecraft:glow_lichen":3,"minecraft:granite":3,"minecraft:dark_oak_fence":2,"minecraft:budding_amethyst":11,"minecraft:grass_block":8,"minecraft:calcite":11,"minecraft:poppy":1,"minecraft:tall_grass":3,"minecraft:copper_ore":4,"minecraft:deepslate_gold_ore":5,"minecraft:oak_planks":1,"minecraft:oxeye_daisy":1,"minecraft:amethyst_block":84,"minecraft:deepslate_copper_ore":4,"minecraft:redstone_ore":1,"minecraft:light_blue_bed":1,"minecraft:iron_ore":3,"minecraft:fire":1,"minecraft:azure_bluet":2,"minecraft:grass":11,"minecraft:oak_log":17,"minecraft:deepslate_iron_ore":1,"minecraft:cobweb":25,"minecraft:smooth_basalt":1,"minecraft:stone":12,"minecraft:oak_leaves":6,"minecraft:deepslate":40},"minecraft:crafted":{"mcwroofs:oak_attic_roof":2,"minecraft:wooden_sword":1,"minecraft:oak_planks":32,"minecraft:crafting_table":2,"minecraft:wooden_pickaxe":1,"minecraft:air":0,"minecraft:stick":8,"minecraft:wooden_axe":1,"cfm:oak_chair":4},"minecraft:used":{"minecraft:calcite":12,"minecraft:dark_oak_stairs":14,"minecraft:netherite_sword":81,"minecraft:amethyst_block":1,"mcwbridges:spruce_log_bridge_stair":4,"minecraft:diamond_boots":1,"securitycraft:keypad_chest":4,"minecraft:oak_planks":94,"minecraft:birch_wood":64,"minecraft:chest":5,"minecraft:wooden_pickaxe":2,"minecraft:diamond_axe":13,"minecraft:golden_apple":5,"minecraft:torch":41,"minecraft:dirt":1,"minecraft:anvil":1,"minecraft:crafting_table":8,"minecraft:crossbow":9,"minecraft:warped_door":3,"minecraft:magenta_candle":1,"minecraft:azure_bluet":2,"minecraft:spruce_log":3,"cfm:oak_chair":4,"minecraft:diamond_pickaxe":200,"minecraft:glass":71,"minecraft:oak_log":400,"minecraft:wooden_axe":18,"minecraft:lava_bucket":1,"minecraft:oak_stairs":202,"minecraft:brick_stairs":4,"minecraft:light_blue_bed":1,"minecraft:fire_charge":1,"minecraft:wooden_sword":30,"minecraft:cobblestone":139,"minecraft:bow":17,"travelersbackpack:magma_cube":2,"minecraft:porkchop":8,"minecraft:dark_oak_fence":1,"minecraft:cooked_porkchop":1,"minecraft:crimson_door":5,"minecraft:birch_log":84,"minecraft:black_candle":7,"mcwroofs:oak_attic_roof":2,"securitycraft:reinforced_oak_stairs":6,"minecraft:cooked_beef":2,"minecraft:cobbled_deepslate":42,"minecraft:soul_torch":2},"minecraft:killed":{"minecraft:cave_spider":1,"minecraft:pig":4,"minecraft:zombified_piglin":2,"minecraft:phantom":1,"minecraft:sheep":3,"minecraft:pillager":7,"minecraft:zombie":4,"minecraft:enderman":1},"minecraft:dropped":{"minecraft:wheat_seeds":2,"minecraft:lead":1,"minecraft:crossbow":1,"minecraft:apple":128,"minecraft:saddle":1,"minecraft:dirt":7,"minecraft:mangrove_log":64,"minecraft:jungle_log":2,"minecraft:bow":1},"minecraft:custom":{"minecraft:interact_with_smithing_table":1,"minecraft:interact_with_anvil":3,"minecraft:mob_kills":24,"minecraft:interact_with_crafting_table":8,"minecraft:leave_game":3,"minecraft:time_since_death":136287,"minecraft:sleep_in_bed":1,"minecraft:time_since_rest":133445,"minecraft:sprint_one_cm":200707,"minecraft:damage_absorbed":80,"minecraft:damage_taken":1698,"minecraft:walk_one_cm":317295,"minecraft:drop":14,"minecraft:damage_dealt":4406,"minecraft:swim_one_cm":17974,"minecraft:fly_one_cm":507785,"minecraft:open_chest":20,"minecraft:crouch_one_cm":17067,"minecraft:play_time":154544,"minecraft:deaths":2,"minecraft:sneak_time":6471,"minecraft:walk_under_water_one_cm":6682,"minecraft:jump":2362,"minecraft:walk_on_water_one_cm":23485,"minecraft:total_world_time":154544,"minecraft:fall_one_cm":54304},"minecraft:picked_up":{"minecraft:birch_log":129,"minecraft:azure_bluet":2,"minecraft:jungle_log":132,"minecraft:wooden_pickaxe":1,"minecraft:oak_log":82,"minecraft:amethyst_block":83,"minecraft:dirt":8,"minecraft:string":15,"minecraft:raw_copper":28,"minecraft:white_banner":1,"minecraft:wooden_sword":1,"minecraft:glass":1,"minecraft:wheat_seeds":4,"minecraft:cobbled_deepslate":37,"minecraft:raw_gold":4,"minecraft:calcite":12,"minecraft:poppy":1,"minecraft:phantom_membrane":1,"minecraft:oak_planks":10,"minecraft:egg":8,"minecraft:mangrove_log":194,"minecraft:stick":2,"minecraft:raw_iron":4,"minecraft:smooth_basalt":1,"minecraft:cooked_porkchop":25,"minecraft:oak_fence":2,"minecraft:acacia_log":130,"minecraft:dandelion":5,"minecraft:porkchop":15,"minecraft:amethyst_shard":62,"minecraft:spruce_log":130,"minecraft:redstone":13,"minecraft:light_blue_bed":2,"minecraft:dark_oak_log":65,"minecraft:spider_eye":1,"minecraft:arrow":6,"minecraft:rotten_flesh":18,"minecraft:crossbow":2,"minecraft:granite":2,"minecraft:mutton":4,"minecraft:obsidian":1,"minecraft:black_wool":1,"minecraft:dark_oak_fence":1,"minecraft:white_wool":1,"minecraft:cobblestone":7,"minecraft:oxeye_daisy":2}},"DataVersion":3120}