{"stats":{"minecraft:mined":{"minecraft:spruce_planks":1,"minecraft:dark_oak_log":3,"minecraft:obsidian":1,"minecraft:glow_lichen":3,"minecraft:granite":3,"minecraft:dark_oak_fence":2,"minecraft:budding_amethyst":11,"minecraft:grass_block":8,"minecraft:cartography_table":1,"minecraft:oxeye_daisy":1,"minecraft:redstone_ore":1,"minecraft:fire":1,"minecraft:iron_ore":3,"travelersbackpack:magma_cube":1,"minecraft:fletching_table":1,"minecraft:azure_bluet":2,"minecraft:brown_bed":1,"minecraft:bookshelf":24,"minecraft:cobblestone_slab":1,"minecraft:deepslate_iron_ore":1,"minecraft:water_cauldron":1,"minecraft:stone":12,"minecraft:jungle_fence_gate":1,"minecraft:smithing_table":1,"minecraft:deepslate_redstone_ore":2,"minecraft:glass_pane":3,"minecraft:amethyst_cluster":11,"minecraft:dandelion":2,"minecraft:oak_fence":3,"minecraft:calcite":11,"minecraft:poppy":1,"minecraft:campfire":2,"minecraft:cobblestone":2,"minecraft:copper_ore":4,"minecraft:tall_grass":6,"minecraft:deepslate_gold_ore":5,"minecraft:oak_planks":1,"minecraft:amethyst_block":84,"minecraft:deepslate_copper_ore":4,"minecraft:chain":2,"minecraft:light_blue_bed":1,"minecraft:birch_log":4,"minecraft:birch_leaves":3,"minecraft:jungle_fence":1,"minecraft:grass":16,"minecraft:oak_log":17,"minecraft:cobweb":26,"minecraft:smooth_basalt":1,"minecraft:oak_leaves":6,"minecraft:deepslate":40},"minecraft:crafted":{"minecraft:wooden_sword":1,"minecraft:oak_planks":32,"minecraft:dark_oak_planks":4,"mcwroofs:oak_attic_roof":2,"minecraft:crafting_table":2,"minecraft:wooden_pickaxe":1,"minecraft:birch_planks":16,"minecraft:air":0,"minecraft:stick":16,"minecraft:wooden_axe":1,"cfm:oak_chair":4,"minecraft:torch":16},"minecraft:used":{"minecraft:oak_fence":3,"minecraft:netherite_sword":250,"mcwbridges:spruce_log_bridge_stair":4,"securitycraft:keypad_chest":4,"minecraft:chest":5,"minecraft:torch":77,"minecraft:dirt":1,"minecraft:anvil":1,"minecraft:warped_door":3,"minecraft:magenta_candle":1,"minecraft:azure_bluet":2,"minecraft:glass":71,"minecraft:wooden_axe":18,"minecraft:lava_bucket":1,"minecraft:oak_stairs":202,"minecraft:brick_stairs":4,"minecraft:light_blue_bed":1,"minecraft:bow":17,"minecraft:cooked_beef":5,"minecraft:cobbled_deepslate":42,"minecraft:calcite":12,"minecraft:dark_oak_stairs":14,"minecraft:diamond_boots":1,"minecraft:amethyst_block":1,"minecraft:birch_planks":7,"minecraft:oak_planks":94,"minecraft:birch_wood":64,"minecraft:wooden_pickaxe":2,"minecraft:diamond_axe":54,"minecraft:golden_apple":11,"minecraft:crafting_table":8,"minecraft:crossbow":39,"minecraft:spruce_log":3,"cfm:oak_chair":4,"minecraft:oak_log":400,"minecraft:diamond_pickaxe":206,"minecraft:apple":3,"minecraft:fire_charge":1,"minecraft:wooden_sword":30,"minecraft:cobblestone":205,"travelersbackpack:magma_cube":3,"minecraft:cooked_porkchop":1,"minecraft:porkchop":8,"minecraft:dark_oak_fence":1,"minecraft:crimson_door":5,"minecraft:birch_log":84,"minecraft:black_candle":7,"mcwroofs:oak_attic_roof":2,"securitycraft:reinforced_oak_stairs":6,"minecraft:soul_torch":2},"minecraft:killed_by":{"minecraft:vindicator":2},"minecraft:killed":{"minecraft:evoker":1,"minecraft:vex":3,"minecraft:cave_spider":1,"minecraft:zombified_piglin":2,"minecraft:vindicator":10,"minecraft:spider":2,"minecraft:phantom":2,"minecraft:skeleton":12,"hunterillager:hunterillager":1,"minecraft:pig":4,"minecraft:creeper":1,"minecraft:sheep":3,"minecraft:pillager":8,"minecraft:zombie":16,"minecraft:enderman":1},"minecraft:dropped":{"minecraft:birch_planks":6,"minecraft:wheat_seeds":2,"minecraft:crossbow":1,"minecraft:lead":1,"minecraft:apple":128,"minecraft:saddle":1,"minecraft:golden_apple":6,"minecraft:dirt":7,"minecraft:rotten_flesh":32,"minecraft:mangrove_log":64,"minecraft:jungle_log":2,"minecraft:bow":1},"minecraft:picked_up":{"minecraft:charcoal":4,"minecraft:wheat":13,"minecraft:azure_bluet":2,"minecraft:smithing_table":1,"minecraft:lead":8,"minecraft:wooden_pickaxe":1,"minecraft:brown_bed":1,"minecraft:chain":1,"minecraft:shield":1,"minecraft:amethyst_block":83,"minecraft:wooden_sword":1,"minecraft:string":23,"minecraft:raw_copper":28,"flashlight:flashlight":1,"minecraft:diamond_leggings":1,"minecraft:cartography_table":1,"minecraft:cobbled_deepslate":37,"minecraft:netherite_sword":1,"minecraft:spruce_planks":1,"minecraft:calcite":12,"minecraft:poppy":1,"minecraft:mangrove_log":194,"minecraft:phantom_membrane":3,"minecraft:iron_boots":1,"minecraft:egg":8,"minecraft:raw_iron":4,"minecraft:stick":2,"minecraft:oak_fence":3,"minecraft:torch":66,"minecraft:acacia_log":130,"minecraft:porkchop":15,"minecraft:target":2,"minecraft:redstone":13,"minecraft:light_blue_bed":2,"minecraft:cauldron":1,"minecraft:diamond_chestplate":1,"minecraft:arrow":110,"minecraft:rotten_flesh":50,"minecraft:diamond_boots":1,"minecraft:obsidian":1,"minecraft:mutton":6,"minecraft:white_wool":1,"minecraft:cobblestone":12,"minecraft:oxeye_daisy":2,"minecraft:birch_log":133,"minecraft:cooked_beef":7,"minecraft:feather":1,"minecraft:jungle_log":132,"minecraft:birch_planks":9,"minecraft:oak_log":82,"minecraft:gunpowder":2,"travelersbackpack:magma_cube":1,"minecraft:dirt":8,"minecraft:white_banner":1,"minecraft:glass":1,"minecraft:bone":13,"minecraft:apple":156,"minecraft:bow":1,"minecraft:wheat_seeds":4,"minecraft:raw_gold":4,"minecraft:diamond_helmet":1,"minecraft:fletching_table":1,"minecraft:oak_planks":10,"minecraft:book":144,"minecraft:smooth_basalt":1,"minecraft:cooked_porkchop":25,"minecraft:dandelion":5,"minecraft:amethyst_shard":62,"minecraft:spruce_log":130,"minecraft:dark_oak_log":71,"minecraft:spider_eye":1,"minecraft:leather_helmet":1,"minecraft:chainmail_leggings":1,"minecraft:diamond_axe":1,"minecraft:crossbow":3,"minecraft:granite":2,"minecraft:golden_apple":52,"minecraft:emerald":4,"minecraft:coal":1,"minecraft:melon_seeds":7,"minecraft:black_wool":1,"minecraft:dark_oak_fence":1,"minecraft:diamond_pickaxe":1},"minecraft:custom":{"minecraft:interact_with_smithing_table":2,"minecraft:mob_kills":69,"minecraft:interact_with_anvil":4,"minecraft:interact_with_crafting_table":8,"minecraft:open_barrel":17,"minecraft:leave_game":3,"minecraft:time_since_death":12819,"minecraft:climb_one_cm":1949,"minecraft:sprint_one_cm":322630,"minecraft:walk_one_cm":449038,"minecraft:drop":23,"minecraft:play_time":202544,"minecraft:sneak_time":9649,"minecraft:deaths":4,"minecraft:walk_under_water_one_cm":7596,"minecraft:jump":3160,"minecraft:walk_on_water_one_cm":29919,"minecraft:total_world_time":202544,"minecraft:sleep_in_bed":1,"minecraft:time_since_rest":12843,"minecraft:damage_taken":3687,"minecraft:damage_absorbed":322,"minecraft:damage_dealt":13040,"minecraft:swim_one_cm":17974,"minecraft:fly_one_cm":670640,"minecraft:open_chest":30,"minecraft:crouch_one_cm":24930,"minecraft:fall_one_cm":69053,"minecraft:horse_one_cm":647242}},"DataVersion":3120}