{"stats":{"minecraft:used":{"minecraft:oak_fence":60,"securitycraft:electrified_iron_fence":113,"takesapillage:archer_spawn_egg":1,"minecraft:netherite_sword":4,"minecraft:end_rod":1,"securitycraft:reinforced_birch_wood":1,"securitycraft:reinforced_orange_wool":224,"securitycraft:door_indestructible_iron_item":4,"minecraft:stone_shovel":54,"securitycraft:keypad_chest":20,"minecraft:chest":6,"securitycraft:security_camera":13,"minecraft:quartz_stairs":1,"securitycraft:scanner_door_item":2,"minecraft:player_head":1,"securitycraft:disguise_module":5,"minecraft:white_wool":1,"minecraft:oak_leaves":9,"securitycraft:reinforced_glass_pane":434,"minecraft:green_glazed_terracotta":1,"minecraft:glow_item_frame":18,"minecraft:dirt":14,"minecraft:mutton":2,"minecraft:red_bed":4,"minecraft:painting":72,"securitycraft:keycard_reader":2,"securitycraft:camera_monitor":12,"minecraft:flower_pot":1,"securitycraft:reinforced_grass_block":160,"securitycraft:secret_sign_item":3,"minecraft:lantern":16,"minecraft:grass_block":68,"mcwbridges:acacia_log_bridge_stair":16,"securitycraft:universal_block_modifier":6,"securitycraft:smart_module":1,"mcwbridges:oak_log_bridge_stair":135,"securitycraft:remote_access_sentry":1,"securitycraft:reinforced_lantern":10,"securitycraft:sentry":12,"minetraps:chest_bomb":6,"travelersbackpack:red_sleeping_bag":2,"securitycraft:reinforced_white_wool":70,"securitycraft:storage_module":1,"securitycraft:rift_stabilizer":17,"minecraft:furnace":1,"minecraft:cooked_porkchop":1,"securitycraft:reinforced_glass":137,"securitycraft:laser_block":10,"securitycraft:portable_radar":1,"mcwbridges:birch_log_bridge_stair":6,"securitycraft:reinforced_stripped_oak_wood":893,"securitycraft:whitelist_module":2,"securitycraft:harming_module":1,"securitycraft:glow_display_case":1,"securitycraft:keypad_furnace":11,"securitycraft:inventory_scanner":2},"minecraft:custom":{"minecraft:interact_with_furnace":1,"minecraft:mob_kills":2,"minecraft:pot_flower":1,"minecraft:leave_game":14,"minecraft:time_since_death":284269,"minecraft:sleep_in_bed":2,"minecraft:time_since_rest":17302,"minecraft:sprint_one_cm":238899,"minecraft:walk_one_cm":674285,"minecraft:damage_taken":842,"minecraft:drop":62,"minecraft:damage_dealt":499,"minecraft:fly_one_cm":248746,"minecraft:open_chest":10,"minecraft:crouch_one_cm":681,"minecraft:play_time":284269,"minecraft:sneak_time":1126,"minecraft:jump":656,"minecraft:total_world_time":284269,"minecraft:fall_one_cm":6837},"minecraft:picked_up":{"minecraft:wooden_axe":1,"minecraft:birch_log":65,"securitycraft:disguise_module":2,"minecraft:wooden_pickaxe":1,"minecraft:oak_log":67,"minecraft:dirt":32,"minecraft:string":1,"securitycraft:sentry":2,"securitycraft:glow_display_case":1,"minecraft:bone":3,"minetraps:chest_bomb":1,"minecraft:wheat_seeds":23,"minecraft:oak_planks":9,"minecraft:stick":3,"minecraft:cooked_porkchop":24,"minecraft:dandelion":2,"minecraft:porkchop":6,"minecraft:dark_oak_log":65,"securitycraft:whitelist_module":3,"minecraft:arrow":4,"minecraft:rotten_flesh":2,"minecraft:white_wool":2,"minecraft:black_wool":1,"minecraft:mutton":6,"minecraft:cobblestone":14},"minecraft:mined":{"minecraft:grass_block":12,"minecraft:tall_grass":1,"minecraft:dirt":2},"minecraft:killed":{"minecraft:spider":1,"minecraft:skeleton":1},"minecraft:dropped":{"minecraft:porkchop":6,"minecraft:wheat_seeds":2,"minecraft:oak_log":65,"minecraft:cooked_porkchop":25,"minecraft:oak_planks":9,"minecraft:rotten_flesh":2,"minecraft:acacia_log":65,"minecraft:dirt":1,"minecraft:dark_oak_log":65,"minecraft:mangrove_log":65,"minecraft:jungle_log":65,"minecraft:spruce_log":65,"minecraft:arrow":2,"minecraft:wooden_pickaxe":1,"minecraft:glass":1,"securitycraft:glow_display_case":1,"minecraft:birch_log":129,"minecraft:dandelion":1,"minecraft:light_blue_bed":1}},"DataVersion":3120}