{"stats":{"minecraft:mined":{"minecraft:grass_block":2,"minecraft:oak_leaves":1},"minecraft:custom":{"minecraft:jump":13,"minecraft:time_since_rest":15380,"minecraft:damage_dealt":10,"minecraft:leave_game":3,"minecraft:play_time":15380,"minecraft:sprint_one_cm":3664,"minecraft:damage_taken":10,"minecraft:time_since_death":15380,"minecraft:walk_one_cm":8366,"minecraft:total_world_time":15380,"minecraft:fall_one_cm":335,"minecraft:drop":2,"minecraft:fly_one_cm":1233},"minecraft:used":{"alexsmobs:animal_dictionary":1},"minecraft:picked_up":{"minecraft:dirt":2},"minecraft:dropped":{"minecraft:dirt":2}},"DataVersion":3120}