{"stats":{"minecraft:custom":{"minecraft:interact_with_smithing_table":5,"minecraft:interact_with_anvil":2,"minecraft:mob_kills":96,"minecraft:interact_with_crafting_table":10,"minecraft:open_barrel":12,"goblintraders:trade_with_goblin":2,"minecraft:leave_game":18,"minecraft:time_since_death":6709,"minecraft:climb_one_cm":2721,"minecraft:sprint_one_cm":740466,"minecraft:walk_one_cm":1450870,"minecraft:drop":87,"minecraft:talked_to_villager":4,"minecraft:play_time":669543,"minecraft:deaths":7,"minecraft:sneak_time":3154,"minecraft:walk_under_water_one_cm":7990,"minecraft:jump":2508,"minecraft:walk_on_water_one_cm":32764,"minecraft:total_world_time":669543,"minecraft:interact_with_furnace":30,"minecraft:pot_flower":1,"minecraft:sleep_in_bed":4,"minecraft:time_since_rest":6733,"minecraft:damage_taken":9945,"minecraft:damage_absorbed":159,"minecraft:damage_dealt":17137,"minecraft:swim_one_cm":566,"minecraft:fly_one_cm":490595,"minecraft:open_chest":48,"minecraft:crouch_one_cm":6488,"minecraft:fall_one_cm":46622,"minecraft:horse_one_cm":1029704},"minecraft:broken":{"minecraft:iron_chestplate":1,"minecraft:iron_helmet":1},"minecraft:dropped":{"minecraft:porkchop":6,"minecraft:wheat_seeds":2,"minecraft:oak_log":65,"minecraft:cooked_porkchop":25,"minecraft:crossbow":1,"minecraft:feather":1,"minecraft:acacia_log":65,"minecraft:dirt":2,"minecraft:dark_oak_log":65,"minecraft:dark_oak_fence":1,"minecraft:wooden_sword":1,"minecraft:dark_oak_planks":7,"minecraft:birch_log":129,"minecraft:white_wool":1,"minecraft:dandelion":2,"minecraft:goat_horn":2,"minecraft:netherite_sword":1,"minecraft:rotten_flesh":6,"minecraft:light_gray_wool":1,"minecraft:oak_planks":9,"minecraft:target":1,"minecraft:mangrove_log":65,"minecraft:andesite":1,"minecraft:jungle_log":65,"minecraft:oak_sapling":1,"minecraft:spider_eye":1,"minecraft:spruce_log":65,"minecraft:arrow":2,"minecraft:wooden_pickaxe":2,"minecraft:glass":1,"minecraft:stone_pickaxe":1,"securitycraft:glow_display_case":1,"minecraft:light_blue_bed":1,"minecraft:egg":3},"minecraft:picked_up":{"minecraft:wooden_axe":1,"minecraft:lingering_potion":1,"minecraft:crafting_table":9,"minecraft:chicken":4,"minecraft:ladder":2,"minecraft:smithing_table":1,"minecraft:lead":5,"minecraft:diamond_sword":1,"minecraft:wooden_pickaxe":2,"minecraft:gold_block":1,"minecraft:chain":4,"minecraft:amethyst_block":25,"minecraft:string":19,"minecraft:raw_copper":34,"minecraft:wooden_sword":2,"minecraft:diamond_leggings":3,"minecraft:cobbled_deepslate":21,"minecraft:netherite_sword":3,"minecraft:spruce_planks":6,"minecraft:beef":20,"securitycraft:keycard_lv1":1,"minecraft:calcite":3,"minecraft:iron_pickaxe":3,"minecraft:light_gray_wool":5,"minecraft:furnace":3,"minecraft:phantom_membrane":5,"minecraft:diamond_hoe":3,"minecraft:iron_boots":2,"minecraft:egg":14,"minecraft:golden_helmet":1,"minecraft:stick":6,"minecraft:raw_iron":63,"minecraft:torch":5,"securitycraft:camera_monitor":2,"minecraft:porkchop":16,"minecraft:target":1,"minecraft:redstone":64,"minecraft:goat_horn":1,"minecraft:rabbit_foot":2,"minecraft:dark_oak_planks":7,"minecraft:arrow":37,"minecraft:rotten_flesh":24,"k_turrets:raw_titanium":8,"minecraft:saddle":1,"minecraft:gold_ingot":6,"minecraft:totem_of_undying":2,"minecraft:mutton":21,"minecraft:white_wool":10,"minecraft:cobblestone":63,"minecraft:birch_log":66,"minecraft:magma_block":1,"minecraft:feather":1,"minecraft:cooked_beef":6,"minecraft:glow_ink_sac":1,"minecraft:andesite":6,"securitycraft:disguise_module":2,"minecraft:leather":7,"minecraft:red_mushroom":18,"minecraft:tuff":1,"minecraft:oak_log":142,"minecraft:chainmail_chestplate":2,"minecraft:gunpowder":4,"minecraft:lapis_lazuli":66,"minecraft:dirt":34,"securitycraft:sentry":2,"minecraft:cooked_mutton":1,"securitycraft:glow_display_case":1,"minecraft:bone":15,"minetraps:chest_bomb":1,"minecraft:apple":309,"minecraft:bow":1,"minecraft:wheat_seeds":23,"minecraft:raw_gold":21,"minecraft:rabbit_hide":2,"minecraft:iron_ingot":10,"minecraft:rabbit":2,"minecraft:oak_planks":81,"minecraft:smooth_basalt":1,"minecraft:cooked_porkchop":24,"minecraft:dandelion":3,"minecraft:gravel":1,"minecraft:amethyst_shard":152,"minecraft:dark_oak_log":67,"minecraft:spider_eye":1,"securitycraft:whitelist_module":3,"minecraft:diamond":9,"minecraft:chainmail_leggings":1,"minecraft:crossbow":9,"travelersbackpack:nether":3,"minecraft:granite":1,"minecraft:painting":1,"minecraft:golden_apple":11,"minecraft:emerald":11,"minecraft:chainmail_helmet":3,"minecraft:bread":1,"minecraft:oak_sapling":1,"minecraft:damaged_anvil":1,"minecraft:black_wool":2,"minecraft:dark_oak_fence":10,"minecraft:coal":16,"securitycraft:remote_access_sentry":1},"minecraft:mined":{"minecraft:dark_oak_planks":2,"minecraft:large_amethyst_bud":1,"minecraft:tuff":1,"minecraft:deepslate_diamond_ore":9,"minecraft:granite":1,"minecraft:dark_oak_fence":6,"minecraft:budding_amethyst":2,"minecraft:grass_block":17,"minecraft:spawner":1,"minecraft:redstone_ore":2,"minecraft:magma_block":1,"minecraft:furnace":3,"minecraft:iron_ore":47,"minecraft:andesite":6,"minecraft:target":1,"minecraft:deepslate_lapis_ore":2,"minecraft:gold_block":2,"minecraft:deepslate_iron_ore":17,"minecraft:stone":38,"minecraft:white_wool":2,"minecraft:smithing_table":1,"minecraft:deepslate_redstone_ore":12,"travelersbackpack:nether":2,"minecraft:amethyst_cluster":41,"minecraft:crafting_table":5,"minecraft:calcite":5,"minecraft:copper_ore":9,"minecraft:tall_grass":1,"minecraft:deepslate_gold_ore":11,"minecraft:lapis_ore":6,"minecraft:oak_planks":14,"minecraft:damaged_anvil":1,"minecraft:amethyst_block":24,"minecraft:cobblestone_wall":1,"minecraft:black_wool":4,"minecraft:grass":21,"k_turrets:titanium_ore":8,"minecraft:oak_log":8,"minecraft:coal_ore":12,"minecraft:dirt":4,"minecraft:cobweb":3,"minecraft:smooth_basalt":1,"minecraft:gold_ore":10,"minecraft:oak_leaves":2,"minecraft:deepslate":17},"minecraft:killed_by":{"minecraft:pillager":1,"minecraft:zombie":6},"minecraft:killed":{"minecraft:cave_spider":1,"minecraft:evoker":2,"minecraft:vex":1,"minecraft:spider":4,"minecraft:vindicator":7,"minecraft:phantom":4,"minecraft:skeleton":6,"hunterillager:hunterillager":1,"minecraft:pig":4,"minecraft:zombie_villager":1,"minecraft:rabbit":1,"minecraft:creeper":1,"minecraft:sheep":9,"minecraft:pillager":23,"minecraft:zombie":22,"minecraft:cow":4},"minecraft:used":{"minecraft:oak_fence":60,"minecraft:netherite_sword":155,"securitycraft:reinforced_orange_wool":224,"securitycraft:keypad_chest":22,"minecraft:stone_shovel":54,"minecraft:chest":6,"minecraft:iron_sword":61,"securitycraft:security_camera":13,"securitycraft:disguise_module":5,"minecraft:quartz_stairs":1,"minecraft:player_head":1,"minecraft:iron_chestplate":1,"minecraft:green_glazed_terracotta":1,"minecraft:torch":3,"minecraft:dirt":15,"minecraft:mutton":2,"minecraft:obsidian":1,"minecraft:wooden_axe":23,"securitycraft:keycard_reader":2,"securitycraft:camera_monitor":12,"minecraft:lantern":16,"securitycraft:secret_sign_item":3,"minecraft:grass_block":68,"mcwbridges:acacia_log_bridge_stair":16,"securitycraft:universal_block_modifier":6,"minecraft:iron_helmet":1,"minecraft:iron_boots":1,"securitycraft:remote_access_sentry":1,"securitycraft:reinforced_lantern":10,"securitycraft:sentry":12,"minetraps:chest_bomb":6,"securitycraft:universal_key_changer":1,"travelersbackpack:red_sleeping_bag":2,"minecraft:bow":2,"securitycraft:storage_module":1,"securitycraft:rift_stabilizer":17,"minecraft:furnace":4,"securitycraft:reinforced_glass":137,"securitycraft:laser_block":10,"minecraft:egg":3,"minecraft:cooked_beef":10,"mcwbridges:birch_log_bridge_stair":6,"minecraft:cobbled_deepslate":9,"securitycraft:reinforced_stripped_oak_wood":893,"securitycraft:inventory_scanner":2,"securitycraft:harming_module":1,"minecraft:iron_leggings":1,"travelersbackpack:nether":11,"minecraft:cooked_mutton":5,"securitycraft:electrified_iron_fence":113,"takesapillage:archer_spawn_egg":1,"minecraft:end_rod":1,"securitycraft:reinforced_birch_wood":1,"securitycraft:door_indestructible_iron_item":4,"minecraft:stone_pickaxe":91,"minecraft:oak_planks":54,"minecraft:wooden_pickaxe":20,"securitycraft:scanner_door_item":2,"minecraft:white_wool":1,"minecraft:glow_item_frame":20,"securitycraft:reinforced_glass_pane":434,"minecraft:oak_leaves":9,"minecraft:golden_apple":5,"minecraft:crafting_table":6,"minecraft:red_bed":4,"minecraft:crossbow":12,"minecraft:painting":75,"minecraft:oak_log":1,"minecraft:flower_pot":1,"minecraft:apple":6,"securitycraft:reinforced_grass_block":160,"minecraft:iron_pickaxe":201,"securitycraft:smart_module":1,"mcwbridges:oak_log_bridge_stair":135,"minecraft:diamond_sword":87,"minecraft:wooden_sword":41,"minecraft:cooked_rabbit":1,"minecraft:andesite":4,"minecraft:cobblestone":29,"securitycraft:reinforced_white_wool":70,"minecraft:bucket":6,"minecraft:smithing_table":4,"minecraft:cooked_porkchop":6,"securitycraft:whitelist_module":2,"securitycraft:portable_radar":1,"securitycraft:keypad_furnace":11,"securitycraft:glow_display_case":1},"minecraft:crafted":{"minecraft:wooden_sword":1,"minecraft:oak_planks":296,"minecraft:furnace":1,"minecraft:cooked_mutton":4,"minecraft:diamond_leggings":1,"minecraft:iron_boots":1,"travelersbackpack:nether":1,"minecraft:stone_pickaxe":1,"minecraft:cooked_rabbit":1,"minecraft:cooked_beef":7,"minecraft:diamond_sword":1,"minecraft:cooked_porkchop":5,"minecraft:crafting_table":2,"minecraft:wooden_pickaxe":1,"minecraft:iron_helmet":1,"minecraft:iron_sword":1,"minecraft:bucket":2,"minecraft:air":0,"minecraft:iron_chestplate":1,"minecraft:stick":12,"minecraft:iron_ingot":41,"minecraft:iron_pickaxe":1,"minecraft:wooden_axe":1,"minecraft:iron_leggings":1}},"DataVersion":3120}