{"stats":{"minecraft:used":{"minecraft:flower_pot":1,"minecraft:oak_fence":60,"minecraft:netherite_sword":4,"securitycraft:electrified_iron_fence":113,"securitycraft:camera_monitor":12,"takesapillage:archer_spawn_egg":1,"minecraft:end_rod":1,"securitycraft:reinforced_grass_block":160,"securitycraft:reinforced_birch_wood":1,"securitycraft:reinforced_orange_wool":182,"securitycraft:secret_sign_item":3,"minecraft:lantern":16,"minecraft:grass_block":42,"minecraft:stone_shovel":54,"securitycraft:keypad_chest":20,"securitycraft:universal_block_modifier":3,"minecraft:chest":6,"securitycraft:smart_module":1,"securitycraft:security_camera":13,"minecraft:green_glazed_terracotta":1,"minecraft:oak_leaves":9,"minecraft:quartz_stairs":1,"securitycraft:scanner_door_item":2,"minecraft:player_head":1,"minetraps:chest_bomb":6,"securitycraft:disguise_module":4,"mcwbridges:oak_log_bridge_stair":135,"securitycraft:remote_access_sentry":1,"securitycraft:sentry":10,"securitycraft:reinforced_lantern":10,"securitycraft:reinforced_glass_pane":434,"minecraft:glow_item_frame":18,"travelersbackpack:red_sleeping_bag":2,"minecraft:dirt":8,"securitycraft:reinforced_white_wool":70,"securitycraft:storage_module":1,"minecraft:red_bed":4,"minecraft:furnace":1,"securitycraft:reinforced_glass":125,"securitycraft:laser_block":10,"minecraft:painting":72,"securitycraft:portable_radar":1,"securitycraft:reinforced_stripped_oak_wood":885,"securitycraft:keypad_furnace":11,"securitycraft:glow_display_case":1,"securitycraft:harming_module":1,"securitycraft:inventory_scanner":2},"minecraft:picked_up":{"securitycraft:disguise_module":2,"securitycraft:glow_display_case":1,"minecraft:string":1,"minecraft:dirt":25,"minecraft:bone":3,"minecraft:arrow":2,"minetraps:chest_bomb":1,"minecraft:wheat_seeds":20,"minecraft:cobblestone":14},"minecraft:custom":{"minecraft:interact_with_furnace":1,"minecraft:time_since_rest":212869,"minecraft:sprint_one_cm":145531,"minecraft:damage_taken":380,"minecraft:walk_one_cm":435769,"minecraft:mob_kills":2,"minecraft:drop":2,"minecraft:damage_dealt":449,"minecraft:fly_one_cm":192361,"minecraft:open_chest":10,"minecraft:crouch_one_cm":267,"minecraft:play_time":212869,"minecraft:sneak_time":775,"minecraft:pot_flower":1,"minecraft:jump":341,"minecraft:leave_game":8,"minecraft:time_since_death":212869,"minecraft:total_world_time":212869,"minecraft:fall_one_cm":1380},"minecraft:killed":{"minecraft:skeleton":1,"minecraft:spider":1},"minecraft:mined":{"minecraft:grass_block":8,"minecraft:tall_grass":1},"minecraft:dropped":{"minecraft:dirt":1,"securitycraft:glow_display_case":1}},"DataVersion":3120}