{"stats":{"minecraft:mined":{"minecraft:grass_block":2,"minecraft:oak_leaves":1},"minecraft:custom":{"minecraft:jump":13,"minecraft:time_since_rest":14903,"minecraft:damage_dealt":10,"minecraft:leave_game":2,"minecraft:play_time":14903,"minecraft:sprint_one_cm":3664,"minecraft:damage_taken":10,"minecraft:time_since_death":14903,"minecraft:walk_one_cm":7777,"minecraft:total_world_time":14903,"minecraft:fall_one_cm":335,"minecraft:drop":2,"minecraft:fly_one_cm":1233},"minecraft:used":{"alexsmobs:animal_dictionary":1},"minecraft:picked_up":{"minecraft:dirt":2},"minecraft:dropped":{"minecraft:dirt":2}},"DataVersion":3120}