{"stats":{"minecraft:dropped":{"minecraft:dirt":1,"securitycraft:glow_display_case":1},"minecraft:mined":{"minecraft:grass_block":8,"minecraft:tall_grass":1},"minecraft:killed":{"minecraft:skeleton":1,"minecraft:spider":1},"minecraft:used":{"minecraft:netherite_sword":4,"takesapillage:archer_spawn_egg":1,"minecraft:oak_fence":60,"securitycraft:camera_monitor":12,"securitycraft:electrified_iron_fence":113,"minecraft:flower_pot":1,"minecraft:end_rod":1,"securitycraft:reinforced_grass_block":160,"securitycraft:reinforced_birch_wood":1,"securitycraft:reinforced_orange_wool":182,"securitycraft:secret_sign_item":3,"minecraft:lantern":16,"minecraft:grass_block":68,"securitycraft:keypad_chest":20,"minecraft:stone_shovel":54,"securitycraft:universal_block_modifier":5,"minecraft:chest":6,"securitycraft:security_camera":13,"securitycraft:remote_access_sentry":1,"securitycraft:smart_module":1,"securitycraft:scanner_door_item":2,"securitycraft:reinforced_glass_pane":434,"securitycraft:disguise_module":4,"mcwbridges:oak_log_bridge_stair":135,"securitycraft:reinforced_lantern":10,"minecraft:quartz_stairs":1,"minecraft:player_head":1,"minecraft:oak_leaves":9,"minetraps:chest_bomb":6,"securitycraft:sentry":12,"minecraft:green_glazed_terracotta":1,"minecraft:glow_item_frame":18,"travelersbackpack:red_sleeping_bag":2,"minecraft:dirt":8,"securitycraft:reinforced_white_wool":70,"securitycraft:storage_module":1,"securitycraft:rift_stabilizer":17,"minecraft:red_bed":4,"minecraft:furnace":1,"securitycraft:reinforced_glass":125,"securitycraft:laser_block":10,"minecraft:painting":72,"securitycraft:portable_radar":1,"mcwbridges:birch_log_bridge_stair":6,"securitycraft:reinforced_stripped_oak_wood":885,"securitycraft:inventory_scanner":2,"securitycraft:keypad_furnace":11,"securitycraft:glow_display_case":1,"securitycraft:harming_module":1},"minecraft:custom":{"minecraft:time_since_rest":229287,"minecraft:sprint_one_cm":171654,"minecraft:interact_with_furnace":1,"minecraft:damage_taken":380,"minecraft:walk_one_cm":481911,"minecraft:mob_kills":2,"minecraft:drop":2,"minecraft:damage_dealt":459,"minecraft:fly_one_cm":203037,"minecraft:open_chest":10,"minecraft:play_time":229287,"minecraft:crouch_one_cm":347,"minecraft:sneak_time":877,"minecraft:pot_flower":1,"minecraft:jump":377,"minecraft:leave_game":12,"minecraft:time_since_death":229287,"minecraft:total_world_time":229287,"minecraft:fall_one_cm":1380},"minecraft:picked_up":{"securitycraft:disguise_module":2,"minecraft:string":1,"minecraft:dirt":25,"securitycraft:whitelist_module":3,"securitycraft:sentry":2,"securitycraft:glow_display_case":1,"minecraft:bone":3,"minecraft:arrow":2,"minetraps:chest_bomb":1,"minecraft:rotten_flesh":1,"minecraft:wheat_seeds":21,"minecraft:cobblestone":14}},"DataVersion":3120}