{"stats":{"minecraft:mined":{"minecraft:large_amethyst_bud":1,"minecraft:tuff":1,"minecraft:deepslate_diamond_ore":9,"minecraft:granite":1,"minecraft:dark_oak_fence":6,"minecraft:budding_amethyst":2,"minecraft:grass_block":17,"minecraft:spawner":1,"minecraft:magma_block":1,"minecraft:redstone_ore":2,"minecraft:furnace":3,"minecraft:iron_ore":47,"minecraft:andesite":6,"minecraft:deepslate_lapis_ore":2,"minecraft:gold_block":2,"minecraft:deepslate_iron_ore":17,"minecraft:stone":38,"minecraft:smithing_table":1,"minecraft:deepslate_redstone_ore":12,"travelersbackpack:nether":1,"minecraft:amethyst_cluster":41,"minecraft:crafting_table":5,"minecraft:calcite":5,"minecraft:tall_grass":1,"minecraft:copper_ore":9,"minecraft:lapis_ore":6,"minecraft:deepslate_gold_ore":11,"minecraft:oak_planks":14,"minecraft:amethyst_block":24,"k_turrets:titanium_ore":8,"minecraft:grass":20,"minecraft:oak_log":8,"minecraft:coal_ore":12,"minecraft:dirt":4,"minecraft:cobweb":3,"minecraft:smooth_basalt":1,"minecraft:gold_ore":10,"minecraft:oak_leaves":1,"minecraft:deepslate":17},"minecraft:crafted":{"minecraft:wooden_sword":1,"minecraft:oak_planks":296,"minecraft:furnace":1,"minecraft:cooked_mutton":4,"minecraft:diamond_leggings":1,"minecraft:iron_boots":1,"travelersbackpack:nether":1,"minecraft:stone_pickaxe":1,"minecraft:cooked_rabbit":1,"minecraft:cooked_beef":7,"minecraft:diamond_sword":1,"minecraft:cooked_porkchop":5,"minecraft:crafting_table":2,"minecraft:wooden_pickaxe":1,"minecraft:iron_helmet":1,"minecraft:iron_sword":1,"minecraft:bucket":2,"minecraft:air":0,"minecraft:iron_chestplate":1,"minecraft:stick":12,"minecraft:iron_ingot":41,"minecraft:iron_pickaxe":1,"minecraft:wooden_axe":1,"minecraft:iron_leggings":1},"minecraft:used":{"minecraft:oak_fence":60,"minecraft:netherite_sword":37,"securitycraft:reinforced_orange_wool":224,"securitycraft:keypad_chest":22,"minecraft:stone_shovel":54,"minecraft:chest":6,"minecraft:iron_sword":61,"securitycraft:security_camera":13,"minecraft:quartz_stairs":1,"securitycraft:disguise_module":5,"minecraft:player_head":1,"minecraft:iron_chestplate":1,"minecraft:green_glazed_terracotta":1,"minecraft:dirt":15,"minecraft:mutton":2,"minecraft:obsidian":1,"securitycraft:keycard_reader":2,"minecraft:wooden_axe":23,"securitycraft:camera_monitor":12,"minecraft:lantern":16,"securitycraft:secret_sign_item":3,"minecraft:grass_block":68,"mcwbridges:acacia_log_bridge_stair":16,"securitycraft:universal_block_modifier":6,"minecraft:iron_helmet":1,"minecraft:iron_boots":1,"securitycraft:remote_access_sentry":1,"securitycraft:reinforced_lantern":10,"securitycraft:sentry":12,"minetraps:chest_bomb":6,"securitycraft:universal_key_changer":1,"travelersbackpack:red_sleeping_bag":2,"minecraft:bow":2,"securitycraft:storage_module":1,"securitycraft:rift_stabilizer":17,"minecraft:furnace":4,"securitycraft:reinforced_glass":137,"securitycraft:laser_block":10,"minecraft:egg":3,"minecraft:cooked_beef":7,"mcwbridges:birch_log_bridge_stair":6,"minecraft:cobbled_deepslate":9,"securitycraft:reinforced_stripped_oak_wood":893,"securitycraft:inventory_scanner":2,"securitycraft:harming_module":1,"minecraft:iron_leggings":1,"minecraft:cooked_mutton":5,"securitycraft:electrified_iron_fence":113,"travelersbackpack:nether":5,"takesapillage:archer_spawn_egg":1,"minecraft:end_rod":1,"securitycraft:reinforced_birch_wood":1,"securitycraft:door_indestructible_iron_item":4,"minecraft:stone_pickaxe":91,"minecraft:oak_planks":54,"minecraft:wooden_pickaxe":20,"securitycraft:scanner_door_item":2,"minecraft:white_wool":1,"minecraft:glow_item_frame":20,"minecraft:oak_leaves":9,"securitycraft:reinforced_glass_pane":434,"minecraft:crafting_table":6,"minecraft:red_bed":4,"minecraft:crossbow":9,"minecraft:painting":75,"minecraft:oak_log":1,"minecraft:flower_pot":1,"minecraft:apple":2,"securitycraft:reinforced_grass_block":160,"minecraft:iron_pickaxe":189,"securitycraft:smart_module":1,"mcwbridges:oak_log_bridge_stair":135,"minecraft:diamond_sword":87,"minecraft:wooden_sword":41,"minecraft:cobblestone":29,"securitycraft:reinforced_white_wool":70,"minecraft:cooked_rabbit":1,"minecraft:andesite":4,"minecraft:smithing_table":4,"minecraft:cooked_porkchop":6,"minecraft:bucket":6,"securitycraft:whitelist_module":2,"securitycraft:portable_radar":1,"securitycraft:keypad_furnace":11,"securitycraft:glow_display_case":1},"minecraft:killed_by":{"minecraft:pillager":1,"minecraft:zombie":1},"minecraft:killed":{"minecraft:cave_spider":1,"minecraft:spider":3,"minecraft:phantom":2,"minecraft:skeleton":4,"minecraft:pig":4,"minecraft:zombie_villager":1,"minecraft:rabbit":1,"minecraft:sheep":9,"minecraft:pillager":20,"minecraft:zombie":16,"minecraft:cow":4},"minecraft:dropped":{"minecraft:porkchop":6,"minecraft:wheat_seeds":2,"minecraft:oak_log":65,"minecraft:cooked_porkchop":25,"minecraft:crossbow":1,"minecraft:acacia_log":65,"minecraft:dirt":2,"minecraft:dark_oak_log":65,"minecraft:dark_oak_fence":1,"minecraft:wooden_sword":1,"minecraft:birch_log":129,"minecraft:dandelion":2,"minecraft:goat_horn":2,"minecraft:rotten_flesh":6,"minecraft:oak_planks":9,"minecraft:mangrove_log":65,"minecraft:andesite":1,"minecraft:jungle_log":65,"minecraft:oak_sapling":1,"minecraft:spider_eye":1,"minecraft:spruce_log":65,"minecraft:arrow":2,"minecraft:wooden_pickaxe":2,"minecraft:glass":1,"minecraft:stone_pickaxe":1,"securitycraft:glow_display_case":1,"minecraft:light_blue_bed":1,"minecraft:egg":3},"minecraft:custom":{"minecraft:interact_with_smithing_table":4,"minecraft:mob_kills":69,"minecraft:interact_with_anvil":1,"minecraft:interact_with_crafting_table":10,"goblintraders:trade_with_goblin":2,"minecraft:leave_game":17,"minecraft:time_since_death":202543,"minecraft:climb_one_cm":234,"minecraft:sprint_one_cm":578863,"minecraft:walk_one_cm":1219636,"minecraft:drop":81,"minecraft:talked_to_villager":4,"minecraft:play_time":611200,"minecraft:deaths":2,"minecraft:sneak_time":2927,"minecraft:walk_under_water_one_cm":7990,"minecraft:jump":2062,"minecraft:walk_on_water_one_cm":32764,"minecraft:total_world_time":611200,"minecraft:interact_with_furnace":30,"minecraft:pot_flower":1,"minecraft:sleep_in_bed":4,"minecraft:time_since_rest":14712,"minecraft:damage_taken":4055,"minecraft:damage_dealt":11059,"minecraft:swim_one_cm":566,"minecraft:fly_one_cm":416943,"minecraft:open_chest":38,"minecraft:crouch_one_cm":5870,"minecraft:fall_one_cm":36443},"minecraft:picked_up":{"minecraft:wooden_axe":1,"minecraft:lingering_potion":1,"minecraft:crafting_table":5,"minecraft:lead":2,"minecraft:smithing_table":1,"minecraft:diamond_sword":1,"minecraft:wooden_pickaxe":2,"minecraft:gold_block":1,"minecraft:amethyst_block":25,"minecraft:string":17,"minecraft:wooden_sword":2,"minecraft:raw_copper":34,"minecraft:cobbled_deepslate":21,"minecraft:beef":12,"securitycraft:keycard_lv1":1,"minecraft:calcite":3,"minecraft:light_gray_wool":1,"minecraft:phantom_membrane":1,"minecraft:furnace":3,"minecraft:egg":14,"minecraft:golden_helmet":1,"minecraft:stick":6,"minecraft:raw_iron":63,"securitycraft:camera_monitor":2,"minecraft:porkchop":16,"minecraft:redstone":64,"minecraft:goat_horn":1,"minecraft:rabbit_foot":2,"minecraft:arrow":17,"minecraft:rotten_flesh":16,"k_turrets:raw_titanium":8,"minecraft:saddle":1,"minecraft:mutton":21,"minecraft:white_wool":10,"minecraft:cobblestone":63,"minecraft:birch_log":66,"minecraft:magma_block":1,"minecraft:glow_ink_sac":1,"minecraft:andesite":6,"securitycraft:disguise_module":2,"minecraft:leather":7,"minecraft:tuff":1,"minecraft:oak_log":142,"minecraft:lapis_lazuli":52,"minecraft:dirt":34,"securitycraft:sentry":2,"minecraft:cooked_mutton":1,"securitycraft:glow_display_case":1,"minecraft:bone":9,"minetraps:chest_bomb":1,"minecraft:apple":128,"minecraft:bow":1,"minecraft:wheat_seeds":23,"minecraft:raw_gold":21,"minecraft:rabbit_hide":2,"minecraft:iron_ingot":10,"minecraft:rabbit":2,"minecraft:oak_planks":81,"minecraft:smooth_basalt":1,"minecraft:cooked_porkchop":24,"minecraft:dandelion":3,"minecraft:gravel":1,"minecraft:amethyst_shard":152,"minecraft:dark_oak_log":66,"minecraft:spider_eye":1,"securitycraft:whitelist_module":3,"minecraft:crossbow":2,"minecraft:diamond":9,"travelersbackpack:nether":1,"minecraft:granite":1,"minecraft:painting":1,"minecraft:oak_sapling":1,"minecraft:black_wool":2,"minecraft:dark_oak_fence":7,"minecraft:coal":16,"securitycraft:remote_access_sentry":1}},"DataVersion":3120}